id,target
malawi-cyclone_00000000_X_destroyed,0
malawi-cyclone_00000000_X_major_damage,0
malawi-cyclone_00000000_X_minor_damage,0
malawi-cyclone_00000000_X_no_damage,0
malawi-cyclone_00000001_X_destroyed,0
malawi-cyclone_00000001_X_major_damage,0
malawi-cyclone_00000001_X_minor_damage,0
malawi-cyclone_00000001_X_no_damage,0
malawi-cyclone_00000002_X_destroyed,0
malawi-cyclone_00000002_X_major_damage,0
malawi-cyclone_00000002_X_minor_damage,0
malawi-cyclone_00000002_X_no_damage,0
malawi-cyclone_00000003_X_destroyed,0
malawi-cyclone_00000003_X_major_damage,0
malawi-cyclone_00000003_X_minor_damage,0
malawi-cyclone_00000003_X_no_damage,0
malawi-cyclone_00000004_X_destroyed,0
malawi-cyclone_00000004_X_major_damage,0
malawi-cyclone_00000004_X_minor_damage,0
malawi-cyclone_00000004_X_no_damage,0
malawi-cyclone_00000005_X_destroyed,0
malawi-cyclone_00000005_X_major_damage,0
malawi-cyclone_00000005_X_minor_damage,0
malawi-cyclone_00000005_X_no_damage,0
malawi-cyclone_00000006_X_destroyed,0
malawi-cyclone_00000006_X_major_damage,0
malawi-cyclone_00000006_X_minor_damage,0
malawi-cyclone_00000006_X_no_damage,0
malawi-cyclone_00000007_X_destroyed,0
malawi-cyclone_00000007_X_major_damage,0
malawi-cyclone_00000007_X_minor_damage,0
malawi-cyclone_00000007_X_no_damage,0
malawi-cyclone_00000008_X_destroyed,0
malawi-cyclone_00000008_X_major_damage,0
malawi-cyclone_00000008_X_minor_damage,0
malawi-cyclone_00000008_X_no_damage,0
malawi-cyclone_00000009_X_destroyed,0
malawi-cyclone_00000009_X_major_damage,0
malawi-cyclone_00000009_X_minor_damage,0
malawi-cyclone_00000009_X_no_damage,0
malawi-cyclone_00000010_X_destroyed,0
malawi-cyclone_00000010_X_major_damage,0
malawi-cyclone_00000010_X_minor_damage,0
malawi-cyclone_00000010_X_no_damage,0
malawi-cyclone_00000011_X_destroyed,0
malawi-cyclone_00000011_X_major_damage,0
malawi-cyclone_00000011_X_minor_damage,0
malawi-cyclone_00000011_X_no_damage,0
malawi-cyclone_00000012_X_destroyed,0
malawi-cyclone_00000012_X_major_damage,0
malawi-cyclone_00000012_X_minor_damage,0
malawi-cyclone_00000012_X_no_damage,0
malawi-cyclone_00000013_X_destroyed,0
malawi-cyclone_00000013_X_major_damage,0
malawi-cyclone_00000013_X_minor_damage,0
malawi-cyclone_00000013_X_no_damage,0
malawi-cyclone_00000014_X_destroyed,0
malawi-cyclone_00000014_X_major_damage,0
malawi-cyclone_00000014_X_minor_damage,0
malawi-cyclone_00000014_X_no_damage,0
malawi-cyclone_00000015_X_destroyed,0
malawi-cyclone_00000015_X_major_damage,0
malawi-cyclone_00000015_X_minor_damage,0
malawi-cyclone_00000015_X_no_damage,0
malawi-cyclone_00000016_X_destroyed,0
malawi-cyclone_00000016_X_major_damage,0
malawi-cyclone_00000016_X_minor_damage,0
malawi-cyclone_00000016_X_no_damage,0
malawi-cyclone_00000017_X_destroyed,0
malawi-cyclone_00000017_X_major_damage,0
malawi-cyclone_00000017_X_minor_damage,0
malawi-cyclone_00000017_X_no_damage,0
malawi-cyclone_00000018_X_destroyed,0
malawi-cyclone_00000018_X_major_damage,0
malawi-cyclone_00000018_X_minor_damage,0
malawi-cyclone_00000018_X_no_damage,0
malawi-cyclone_00000019_X_destroyed,0
malawi-cyclone_00000019_X_major_damage,0
malawi-cyclone_00000019_X_minor_damage,0
malawi-cyclone_00000019_X_no_damage,0
malawi-cyclone_00000020_X_destroyed,0
malawi-cyclone_00000020_X_major_damage,0
malawi-cyclone_00000020_X_minor_damage,0
malawi-cyclone_00000020_X_no_damage,0
malawi-cyclone_00000021_X_destroyed,0
malawi-cyclone_00000021_X_major_damage,0
malawi-cyclone_00000021_X_minor_damage,0
malawi-cyclone_00000021_X_no_damage,0
malawi-cyclone_00000022_X_destroyed,0
malawi-cyclone_00000022_X_major_damage,0
malawi-cyclone_00000022_X_minor_damage,0
malawi-cyclone_00000022_X_no_damage,0
malawi-cyclone_00000023_X_destroyed,0
malawi-cyclone_00000023_X_major_damage,0
malawi-cyclone_00000023_X_minor_damage,0
malawi-cyclone_00000023_X_no_damage,0
malawi-cyclone_00000024_X_destroyed,0
malawi-cyclone_00000024_X_major_damage,0
malawi-cyclone_00000024_X_minor_damage,0
malawi-cyclone_00000024_X_no_damage,0
malawi-cyclone_00000025_X_destroyed,0
malawi-cyclone_00000025_X_major_damage,0
malawi-cyclone_00000025_X_minor_damage,0
malawi-cyclone_00000025_X_no_damage,0
malawi-cyclone_00000026_X_destroyed,0
malawi-cyclone_00000026_X_major_damage,0
malawi-cyclone_00000026_X_minor_damage,0
malawi-cyclone_00000026_X_no_damage,0
malawi-cyclone_00000027_X_destroyed,0
malawi-cyclone_00000027_X_major_damage,0
malawi-cyclone_00000027_X_minor_damage,0
malawi-cyclone_00000027_X_no_damage,0
malawi-cyclone_00000028_X_destroyed,0
malawi-cyclone_00000028_X_major_damage,0
malawi-cyclone_00000028_X_minor_damage,0
malawi-cyclone_00000028_X_no_damage,0
malawi-cyclone_00000029_X_destroyed,0
malawi-cyclone_00000029_X_major_damage,0
malawi-cyclone_00000029_X_minor_damage,0
malawi-cyclone_00000029_X_no_damage,0
malawi-cyclone_00000030_X_destroyed,0
malawi-cyclone_00000030_X_major_damage,0
malawi-cyclone_00000030_X_minor_damage,0
malawi-cyclone_00000030_X_no_damage,0
malawi-cyclone_00000031_X_destroyed,0
malawi-cyclone_00000031_X_major_damage,0
malawi-cyclone_00000031_X_minor_damage,0
malawi-cyclone_00000031_X_no_damage,0
malawi-cyclone_00000032_X_destroyed,0
malawi-cyclone_00000032_X_major_damage,0
malawi-cyclone_00000032_X_minor_damage,0
malawi-cyclone_00000032_X_no_damage,0
malawi-cyclone_00000033_X_destroyed,0
malawi-cyclone_00000033_X_major_damage,0
malawi-cyclone_00000033_X_minor_damage,0
malawi-cyclone_00000033_X_no_damage,0
malawi-cyclone_00000034_X_destroyed,0
malawi-cyclone_00000034_X_major_damage,0
malawi-cyclone_00000034_X_minor_damage,0
malawi-cyclone_00000034_X_no_damage,0
malawi-cyclone_00000035_X_destroyed,0
malawi-cyclone_00000035_X_major_damage,0
malawi-cyclone_00000035_X_minor_damage,0
malawi-cyclone_00000035_X_no_damage,0
malawi-cyclone_00000036_X_destroyed,0
malawi-cyclone_00000036_X_major_damage,0
malawi-cyclone_00000036_X_minor_damage,0
malawi-cyclone_00000036_X_no_damage,0
malawi-cyclone_00000037_X_destroyed,0
malawi-cyclone_00000037_X_major_damage,0
malawi-cyclone_00000037_X_minor_damage,0
malawi-cyclone_00000037_X_no_damage,0
malawi-cyclone_00000038_X_destroyed,0
malawi-cyclone_00000038_X_major_damage,0
malawi-cyclone_00000038_X_minor_damage,0
malawi-cyclone_00000038_X_no_damage,0
malawi-cyclone_00000039_X_destroyed,0
malawi-cyclone_00000039_X_major_damage,0
malawi-cyclone_00000039_X_minor_damage,0
malawi-cyclone_00000039_X_no_damage,0
malawi-cyclone_00000040_X_destroyed,0
malawi-cyclone_00000040_X_major_damage,0
malawi-cyclone_00000040_X_minor_damage,0
malawi-cyclone_00000040_X_no_damage,0
malawi-cyclone_00000041_X_destroyed,0
malawi-cyclone_00000041_X_major_damage,0
malawi-cyclone_00000041_X_minor_damage,0
malawi-cyclone_00000041_X_no_damage,0
malawi-cyclone_00000042_X_destroyed,0
malawi-cyclone_00000042_X_major_damage,0
malawi-cyclone_00000042_X_minor_damage,0
malawi-cyclone_00000042_X_no_damage,0
malawi-cyclone_00000043_X_destroyed,0
malawi-cyclone_00000043_X_major_damage,0
malawi-cyclone_00000043_X_minor_damage,0
malawi-cyclone_00000043_X_no_damage,0
malawi-cyclone_00000044_X_destroyed,0
malawi-cyclone_00000044_X_major_damage,0
malawi-cyclone_00000044_X_minor_damage,0
malawi-cyclone_00000044_X_no_damage,0
malawi-cyclone_00000045_X_destroyed,0
malawi-cyclone_00000045_X_major_damage,0
malawi-cyclone_00000045_X_minor_damage,0
malawi-cyclone_00000045_X_no_damage,0
malawi-cyclone_00000046_X_destroyed,0
malawi-cyclone_00000046_X_major_damage,0
malawi-cyclone_00000046_X_minor_damage,0
malawi-cyclone_00000046_X_no_damage,0
malawi-cyclone_00000047_X_destroyed,0
malawi-cyclone_00000047_X_major_damage,0
malawi-cyclone_00000047_X_minor_damage,0
malawi-cyclone_00000047_X_no_damage,0
malawi-cyclone_00000048_X_destroyed,0
malawi-cyclone_00000048_X_major_damage,0
malawi-cyclone_00000048_X_minor_damage,0
malawi-cyclone_00000048_X_no_damage,0
malawi-cyclone_00000049_X_destroyed,0
malawi-cyclone_00000049_X_major_damage,0
malawi-cyclone_00000049_X_minor_damage,0
malawi-cyclone_00000049_X_no_damage,0
malawi-cyclone_00000050_X_destroyed,0
malawi-cyclone_00000050_X_major_damage,0
malawi-cyclone_00000050_X_minor_damage,0
malawi-cyclone_00000050_X_no_damage,0
malawi-cyclone_00000051_X_destroyed,0
malawi-cyclone_00000051_X_major_damage,0
malawi-cyclone_00000051_X_minor_damage,0
malawi-cyclone_00000051_X_no_damage,0
malawi-cyclone_00000052_X_destroyed,0
malawi-cyclone_00000052_X_major_damage,0
malawi-cyclone_00000052_X_minor_damage,0
malawi-cyclone_00000052_X_no_damage,0
malawi-cyclone_00000053_X_destroyed,0
malawi-cyclone_00000053_X_major_damage,0
malawi-cyclone_00000053_X_minor_damage,0
malawi-cyclone_00000053_X_no_damage,0
malawi-cyclone_00000054_X_destroyed,0
malawi-cyclone_00000054_X_major_damage,0
malawi-cyclone_00000054_X_minor_damage,0
malawi-cyclone_00000054_X_no_damage,0
malawi-cyclone_00000055_X_destroyed,0
malawi-cyclone_00000055_X_major_damage,0
malawi-cyclone_00000055_X_minor_damage,0
malawi-cyclone_00000055_X_no_damage,0
malawi-cyclone_00000056_X_destroyed,0
malawi-cyclone_00000056_X_major_damage,0
malawi-cyclone_00000056_X_minor_damage,0
malawi-cyclone_00000056_X_no_damage,0
malawi-cyclone_00000057_X_destroyed,0
malawi-cyclone_00000057_X_major_damage,0
malawi-cyclone_00000057_X_minor_damage,0
malawi-cyclone_00000057_X_no_damage,0
malawi-cyclone_00000058_X_destroyed,0
malawi-cyclone_00000058_X_major_damage,0
malawi-cyclone_00000058_X_minor_damage,0
malawi-cyclone_00000058_X_no_damage,0
malawi-cyclone_00000059_X_destroyed,0
malawi-cyclone_00000059_X_major_damage,0
malawi-cyclone_00000059_X_minor_damage,0
malawi-cyclone_00000059_X_no_damage,0
malawi-cyclone_00000060_X_destroyed,0
malawi-cyclone_00000060_X_major_damage,0
malawi-cyclone_00000060_X_minor_damage,0
malawi-cyclone_00000060_X_no_damage,0
malawi-cyclone_00000061_X_destroyed,0
malawi-cyclone_00000061_X_major_damage,0
malawi-cyclone_00000061_X_minor_damage,0
malawi-cyclone_00000061_X_no_damage,0
malawi-cyclone_00000062_X_destroyed,0
malawi-cyclone_00000062_X_major_damage,0
malawi-cyclone_00000062_X_minor_damage,0
malawi-cyclone_00000062_X_no_damage,0
malawi-cyclone_00000063_X_destroyed,0
malawi-cyclone_00000063_X_major_damage,0
malawi-cyclone_00000063_X_minor_damage,0
malawi-cyclone_00000063_X_no_damage,0
malawi-cyclone_00000064_X_destroyed,0
malawi-cyclone_00000064_X_major_damage,0
malawi-cyclone_00000064_X_minor_damage,0
malawi-cyclone_00000064_X_no_damage,0
malawi-cyclone_00000065_X_destroyed,0
malawi-cyclone_00000065_X_major_damage,0
malawi-cyclone_00000065_X_minor_damage,0
malawi-cyclone_00000065_X_no_damage,0
malawi-cyclone_00000066_X_destroyed,0
malawi-cyclone_00000066_X_major_damage,0
malawi-cyclone_00000066_X_minor_damage,0
malawi-cyclone_00000066_X_no_damage,0
malawi-cyclone_00000067_X_destroyed,0
malawi-cyclone_00000067_X_major_damage,0
malawi-cyclone_00000067_X_minor_damage,0
malawi-cyclone_00000067_X_no_damage,0
malawi-cyclone_00000068_X_destroyed,0
malawi-cyclone_00000068_X_major_damage,0
malawi-cyclone_00000068_X_minor_damage,0
malawi-cyclone_00000068_X_no_damage,0
malawi-cyclone_00000069_X_destroyed,0
malawi-cyclone_00000069_X_major_damage,0
malawi-cyclone_00000069_X_minor_damage,0
malawi-cyclone_00000069_X_no_damage,0
malawi-cyclone_00000070_X_destroyed,0
malawi-cyclone_00000070_X_major_damage,0
malawi-cyclone_00000070_X_minor_damage,0
malawi-cyclone_00000070_X_no_damage,0
malawi-cyclone_00000071_X_destroyed,0
malawi-cyclone_00000071_X_major_damage,0
malawi-cyclone_00000071_X_minor_damage,0
malawi-cyclone_00000071_X_no_damage,0
malawi-cyclone_00000072_X_destroyed,0
malawi-cyclone_00000072_X_major_damage,0
malawi-cyclone_00000072_X_minor_damage,0
malawi-cyclone_00000072_X_no_damage,0
malawi-cyclone_00000073_X_destroyed,0
malawi-cyclone_00000073_X_major_damage,0
malawi-cyclone_00000073_X_minor_damage,0
malawi-cyclone_00000073_X_no_damage,0
malawi-cyclone_00000074_X_destroyed,0
malawi-cyclone_00000074_X_major_damage,0
malawi-cyclone_00000074_X_minor_damage,0
malawi-cyclone_00000074_X_no_damage,0
malawi-cyclone_00000075_X_destroyed,0
malawi-cyclone_00000075_X_major_damage,0
malawi-cyclone_00000075_X_minor_damage,0
malawi-cyclone_00000075_X_no_damage,0
malawi-cyclone_00000076_X_destroyed,0
malawi-cyclone_00000076_X_major_damage,0
malawi-cyclone_00000076_X_minor_damage,0
malawi-cyclone_00000076_X_no_damage,0
malawi-cyclone_00000077_X_destroyed,0
malawi-cyclone_00000077_X_major_damage,0
malawi-cyclone_00000077_X_minor_damage,0
malawi-cyclone_00000077_X_no_damage,0
malawi-cyclone_00000078_X_destroyed,0
malawi-cyclone_00000078_X_major_damage,0
malawi-cyclone_00000078_X_minor_damage,0
malawi-cyclone_00000078_X_no_damage,0
malawi-cyclone_00000079_X_destroyed,0
malawi-cyclone_00000079_X_major_damage,0
malawi-cyclone_00000079_X_minor_damage,0
malawi-cyclone_00000079_X_no_damage,0
malawi-cyclone_00000080_X_destroyed,0
malawi-cyclone_00000080_X_major_damage,0
malawi-cyclone_00000080_X_minor_damage,0
malawi-cyclone_00000080_X_no_damage,0
malawi-cyclone_00000081_X_destroyed,0
malawi-cyclone_00000081_X_major_damage,0
malawi-cyclone_00000081_X_minor_damage,0
malawi-cyclone_00000081_X_no_damage,0
malawi-cyclone_00000082_X_destroyed,0
malawi-cyclone_00000082_X_major_damage,0
malawi-cyclone_00000082_X_minor_damage,0
malawi-cyclone_00000082_X_no_damage,0
malawi-cyclone_00000083_X_destroyed,0
malawi-cyclone_00000083_X_major_damage,0
malawi-cyclone_00000083_X_minor_damage,0
malawi-cyclone_00000083_X_no_damage,0
malawi-cyclone_00000084_X_destroyed,0
malawi-cyclone_00000084_X_major_damage,0
malawi-cyclone_00000084_X_minor_damage,0
malawi-cyclone_00000084_X_no_damage,0
malawi-cyclone_00000085_X_destroyed,0
malawi-cyclone_00000085_X_major_damage,0
malawi-cyclone_00000085_X_minor_damage,0
malawi-cyclone_00000085_X_no_damage,0
malawi-cyclone_00000086_X_destroyed,0
malawi-cyclone_00000086_X_major_damage,0
malawi-cyclone_00000086_X_minor_damage,0
malawi-cyclone_00000086_X_no_damage,0
malawi-cyclone_00000087_X_destroyed,0
malawi-cyclone_00000087_X_major_damage,0
malawi-cyclone_00000087_X_minor_damage,0
malawi-cyclone_00000087_X_no_damage,0
malawi-cyclone_00000088_X_destroyed,0
malawi-cyclone_00000088_X_major_damage,0
malawi-cyclone_00000088_X_minor_damage,0
malawi-cyclone_00000088_X_no_damage,0
malawi-cyclone_00000089_X_destroyed,0
malawi-cyclone_00000089_X_major_damage,0
malawi-cyclone_00000089_X_minor_damage,0
malawi-cyclone_00000089_X_no_damage,0
malawi-cyclone_00000090_X_destroyed,0
malawi-cyclone_00000090_X_major_damage,0
malawi-cyclone_00000090_X_minor_damage,0
malawi-cyclone_00000090_X_no_damage,0
malawi-cyclone_00000091_X_destroyed,0
malawi-cyclone_00000091_X_major_damage,0
malawi-cyclone_00000091_X_minor_damage,0
malawi-cyclone_00000091_X_no_damage,0
malawi-cyclone_00000092_X_destroyed,0
malawi-cyclone_00000092_X_major_damage,0
malawi-cyclone_00000092_X_minor_damage,0
malawi-cyclone_00000092_X_no_damage,0
malawi-cyclone_00000093_X_destroyed,0
malawi-cyclone_00000093_X_major_damage,0
malawi-cyclone_00000093_X_minor_damage,0
malawi-cyclone_00000093_X_no_damage,0
malawi-cyclone_00000094_X_destroyed,0
malawi-cyclone_00000094_X_major_damage,0
malawi-cyclone_00000094_X_minor_damage,0
malawi-cyclone_00000094_X_no_damage,0
malawi-cyclone_00000095_X_destroyed,0
malawi-cyclone_00000095_X_major_damage,0
malawi-cyclone_00000095_X_minor_damage,0
malawi-cyclone_00000095_X_no_damage,0
malawi-cyclone_00000096_X_destroyed,0
malawi-cyclone_00000096_X_major_damage,0
malawi-cyclone_00000096_X_minor_damage,0
malawi-cyclone_00000096_X_no_damage,0
malawi-cyclone_00000097_X_destroyed,0
malawi-cyclone_00000097_X_major_damage,0
malawi-cyclone_00000097_X_minor_damage,0
malawi-cyclone_00000097_X_no_damage,0
malawi-cyclone_00000098_X_destroyed,0
malawi-cyclone_00000098_X_major_damage,0
malawi-cyclone_00000098_X_minor_damage,0
malawi-cyclone_00000098_X_no_damage,0
malawi-cyclone_00000099_X_destroyed,0
malawi-cyclone_00000099_X_major_damage,0
malawi-cyclone_00000099_X_minor_damage,0
malawi-cyclone_00000099_X_no_damage,0
malawi-cyclone_00000100_X_destroyed,0
malawi-cyclone_00000100_X_major_damage,0
malawi-cyclone_00000100_X_minor_damage,0
malawi-cyclone_00000100_X_no_damage,0
malawi-cyclone_00000101_X_destroyed,0
malawi-cyclone_00000101_X_major_damage,0
malawi-cyclone_00000101_X_minor_damage,0
malawi-cyclone_00000101_X_no_damage,0
malawi-cyclone_00000102_X_destroyed,0
malawi-cyclone_00000102_X_major_damage,0
malawi-cyclone_00000102_X_minor_damage,0
malawi-cyclone_00000102_X_no_damage,0
malawi-cyclone_00000103_X_destroyed,0
malawi-cyclone_00000103_X_major_damage,0
malawi-cyclone_00000103_X_minor_damage,0
malawi-cyclone_00000103_X_no_damage,0
malawi-cyclone_00000104_X_destroyed,0
malawi-cyclone_00000104_X_major_damage,0
malawi-cyclone_00000104_X_minor_damage,0
malawi-cyclone_00000104_X_no_damage,0
malawi-cyclone_00000105_X_destroyed,0
malawi-cyclone_00000105_X_major_damage,0
malawi-cyclone_00000105_X_minor_damage,0
malawi-cyclone_00000105_X_no_damage,0
malawi-cyclone_00000106_X_destroyed,0
malawi-cyclone_00000106_X_major_damage,0
malawi-cyclone_00000106_X_minor_damage,0
malawi-cyclone_00000106_X_no_damage,0
malawi-cyclone_00000107_X_destroyed,0
malawi-cyclone_00000107_X_major_damage,0
malawi-cyclone_00000107_X_minor_damage,0
malawi-cyclone_00000107_X_no_damage,0
malawi-cyclone_00000108_X_destroyed,0
malawi-cyclone_00000108_X_major_damage,0
malawi-cyclone_00000108_X_minor_damage,0
malawi-cyclone_00000108_X_no_damage,0
malawi-cyclone_00000109_X_destroyed,0
malawi-cyclone_00000109_X_major_damage,0
malawi-cyclone_00000109_X_minor_damage,0
malawi-cyclone_00000109_X_no_damage,0
malawi-cyclone_00000110_X_destroyed,0
malawi-cyclone_00000110_X_major_damage,0
malawi-cyclone_00000110_X_minor_damage,0
malawi-cyclone_00000110_X_no_damage,0
malawi-cyclone_00000111_X_destroyed,0
malawi-cyclone_00000111_X_major_damage,0
malawi-cyclone_00000111_X_minor_damage,0
malawi-cyclone_00000111_X_no_damage,0
malawi-cyclone_00000112_X_destroyed,0
malawi-cyclone_00000112_X_major_damage,0
malawi-cyclone_00000112_X_minor_damage,0
malawi-cyclone_00000112_X_no_damage,0
malawi-cyclone_00000113_X_destroyed,0
malawi-cyclone_00000113_X_major_damage,0
malawi-cyclone_00000113_X_minor_damage,0
malawi-cyclone_00000113_X_no_damage,0
malawi-cyclone_00000114_X_destroyed,0
malawi-cyclone_00000114_X_major_damage,0
malawi-cyclone_00000114_X_minor_damage,0
malawi-cyclone_00000114_X_no_damage,0
malawi-cyclone_00000115_X_destroyed,0
malawi-cyclone_00000115_X_major_damage,0
malawi-cyclone_00000115_X_minor_damage,0
malawi-cyclone_00000115_X_no_damage,0
malawi-cyclone_00000116_X_destroyed,0
malawi-cyclone_00000116_X_major_damage,0
malawi-cyclone_00000116_X_minor_damage,0
malawi-cyclone_00000116_X_no_damage,0
malawi-cyclone_00000117_X_destroyed,0
malawi-cyclone_00000117_X_major_damage,0
malawi-cyclone_00000117_X_minor_damage,0
malawi-cyclone_00000117_X_no_damage,0
malawi-cyclone_00000118_X_destroyed,0
malawi-cyclone_00000118_X_major_damage,0
malawi-cyclone_00000118_X_minor_damage,0
malawi-cyclone_00000118_X_no_damage,0
malawi-cyclone_00000119_X_destroyed,0
malawi-cyclone_00000119_X_major_damage,0
malawi-cyclone_00000119_X_minor_damage,0
malawi-cyclone_00000119_X_no_damage,0
malawi-cyclone_00000120_X_destroyed,0
malawi-cyclone_00000120_X_major_damage,0
malawi-cyclone_00000120_X_minor_damage,0
malawi-cyclone_00000120_X_no_damage,0
malawi-cyclone_00000121_X_destroyed,0
malawi-cyclone_00000121_X_major_damage,0
malawi-cyclone_00000121_X_minor_damage,0
malawi-cyclone_00000121_X_no_damage,0
malawi-cyclone_00000122_X_destroyed,0
malawi-cyclone_00000122_X_major_damage,0
malawi-cyclone_00000122_X_minor_damage,0
malawi-cyclone_00000122_X_no_damage,0
malawi-cyclone_00000123_X_destroyed,0
malawi-cyclone_00000123_X_major_damage,0
malawi-cyclone_00000123_X_minor_damage,0
malawi-cyclone_00000123_X_no_damage,0
malawi-cyclone_00000124_X_destroyed,0
malawi-cyclone_00000124_X_major_damage,0
malawi-cyclone_00000124_X_minor_damage,0
malawi-cyclone_00000124_X_no_damage,0
malawi-cyclone_00000125_X_destroyed,0
malawi-cyclone_00000125_X_major_damage,0
malawi-cyclone_00000125_X_minor_damage,0
malawi-cyclone_00000125_X_no_damage,0
malawi-cyclone_00000126_X_destroyed,0
malawi-cyclone_00000126_X_major_damage,0
malawi-cyclone_00000126_X_minor_damage,0
malawi-cyclone_00000126_X_no_damage,0
malawi-cyclone_00000127_X_destroyed,0
malawi-cyclone_00000127_X_major_damage,0
malawi-cyclone_00000127_X_minor_damage,0
malawi-cyclone_00000127_X_no_damage,0
malawi-cyclone_00000128_X_destroyed,0
malawi-cyclone_00000128_X_major_damage,0
malawi-cyclone_00000128_X_minor_damage,0
malawi-cyclone_00000128_X_no_damage,0
malawi-cyclone_00000129_X_destroyed,0
malawi-cyclone_00000129_X_major_damage,0
malawi-cyclone_00000129_X_minor_damage,0
malawi-cyclone_00000129_X_no_damage,0
malawi-cyclone_00000130_X_destroyed,0
malawi-cyclone_00000130_X_major_damage,0
malawi-cyclone_00000130_X_minor_damage,0
malawi-cyclone_00000130_X_no_damage,0
malawi-cyclone_00000131_X_destroyed,0
malawi-cyclone_00000131_X_major_damage,0
malawi-cyclone_00000131_X_minor_damage,0
malawi-cyclone_00000131_X_no_damage,0
malawi-cyclone_00000132_X_destroyed,0
malawi-cyclone_00000132_X_major_damage,0
malawi-cyclone_00000132_X_minor_damage,0
malawi-cyclone_00000132_X_no_damage,0
malawi-cyclone_00000133_X_destroyed,0
malawi-cyclone_00000133_X_major_damage,0
malawi-cyclone_00000133_X_minor_damage,0
malawi-cyclone_00000133_X_no_damage,0
malawi-cyclone_00000134_X_destroyed,0
malawi-cyclone_00000134_X_major_damage,0
malawi-cyclone_00000134_X_minor_damage,0
malawi-cyclone_00000134_X_no_damage,0
malawi-cyclone_00000135_X_destroyed,0
malawi-cyclone_00000135_X_major_damage,0
malawi-cyclone_00000135_X_minor_damage,0
malawi-cyclone_00000135_X_no_damage,0
malawi-cyclone_00000136_X_destroyed,0
malawi-cyclone_00000136_X_major_damage,0
malawi-cyclone_00000136_X_minor_damage,0
malawi-cyclone_00000136_X_no_damage,0
malawi-cyclone_00000137_X_destroyed,0
malawi-cyclone_00000137_X_major_damage,0
malawi-cyclone_00000137_X_minor_damage,0
malawi-cyclone_00000137_X_no_damage,0
malawi-cyclone_00000138_X_destroyed,0
malawi-cyclone_00000138_X_major_damage,0
malawi-cyclone_00000138_X_minor_damage,0
malawi-cyclone_00000138_X_no_damage,0
malawi-cyclone_00000139_X_destroyed,0
malawi-cyclone_00000139_X_major_damage,0
malawi-cyclone_00000139_X_minor_damage,0
malawi-cyclone_00000139_X_no_damage,0
malawi-cyclone_00000140_X_destroyed,0
malawi-cyclone_00000140_X_major_damage,0
malawi-cyclone_00000140_X_minor_damage,0
malawi-cyclone_00000140_X_no_damage,0
malawi-cyclone_00000141_X_destroyed,0
malawi-cyclone_00000141_X_major_damage,0
malawi-cyclone_00000141_X_minor_damage,0
malawi-cyclone_00000141_X_no_damage,0
malawi-cyclone_00000142_X_destroyed,0
malawi-cyclone_00000142_X_major_damage,0
malawi-cyclone_00000142_X_minor_damage,0
malawi-cyclone_00000142_X_no_damage,0
malawi-cyclone_00000143_X_destroyed,0
malawi-cyclone_00000143_X_major_damage,0
malawi-cyclone_00000143_X_minor_damage,0
malawi-cyclone_00000143_X_no_damage,0
malawi-cyclone_00000144_X_destroyed,0
malawi-cyclone_00000144_X_major_damage,0
malawi-cyclone_00000144_X_minor_damage,0
malawi-cyclone_00000144_X_no_damage,0
malawi-cyclone_00000145_X_destroyed,0
malawi-cyclone_00000145_X_major_damage,0
malawi-cyclone_00000145_X_minor_damage,0
malawi-cyclone_00000145_X_no_damage,0
malawi-cyclone_00000146_X_destroyed,0
malawi-cyclone_00000146_X_major_damage,0
malawi-cyclone_00000146_X_minor_damage,0
malawi-cyclone_00000146_X_no_damage,0
malawi-cyclone_00000147_X_destroyed,0
malawi-cyclone_00000147_X_major_damage,0
malawi-cyclone_00000147_X_minor_damage,0
malawi-cyclone_00000147_X_no_damage,0
malawi-cyclone_00000148_X_destroyed,0
malawi-cyclone_00000148_X_major_damage,0
malawi-cyclone_00000148_X_minor_damage,0
malawi-cyclone_00000148_X_no_damage,0
malawi-cyclone_00000149_X_destroyed,0
malawi-cyclone_00000149_X_major_damage,0
malawi-cyclone_00000149_X_minor_damage,0
malawi-cyclone_00000149_X_no_damage,0
malawi-cyclone_00000150_X_destroyed,0
malawi-cyclone_00000150_X_major_damage,0
malawi-cyclone_00000150_X_minor_damage,0
malawi-cyclone_00000150_X_no_damage,0
malawi-cyclone_00000151_X_destroyed,0
malawi-cyclone_00000151_X_major_damage,0
malawi-cyclone_00000151_X_minor_damage,0
malawi-cyclone_00000151_X_no_damage,0
malawi-cyclone_00000152_X_destroyed,0
malawi-cyclone_00000152_X_major_damage,0
malawi-cyclone_00000152_X_minor_damage,0
malawi-cyclone_00000152_X_no_damage,0
malawi-cyclone_00000153_X_destroyed,0
malawi-cyclone_00000153_X_major_damage,0
malawi-cyclone_00000153_X_minor_damage,0
malawi-cyclone_00000153_X_no_damage,0
malawi-cyclone_00000154_X_destroyed,0
malawi-cyclone_00000154_X_major_damage,0
malawi-cyclone_00000154_X_minor_damage,0
malawi-cyclone_00000154_X_no_damage,0
malawi-cyclone_00000155_X_destroyed,0
malawi-cyclone_00000155_X_major_damage,0
malawi-cyclone_00000155_X_minor_damage,0
malawi-cyclone_00000155_X_no_damage,0
malawi-cyclone_00000156_X_destroyed,0
malawi-cyclone_00000156_X_major_damage,0
malawi-cyclone_00000156_X_minor_damage,0
malawi-cyclone_00000156_X_no_damage,0
malawi-cyclone_00000157_X_destroyed,0
malawi-cyclone_00000157_X_major_damage,0
malawi-cyclone_00000157_X_minor_damage,0
malawi-cyclone_00000157_X_no_damage,0
malawi-cyclone_00000158_X_destroyed,0
malawi-cyclone_00000158_X_major_damage,0
malawi-cyclone_00000158_X_minor_damage,0
malawi-cyclone_00000158_X_no_damage,0
malawi-cyclone_00000159_X_destroyed,0
malawi-cyclone_00000159_X_major_damage,0
malawi-cyclone_00000159_X_minor_damage,0
malawi-cyclone_00000159_X_no_damage,0
malawi-cyclone_00000160_X_destroyed,0
malawi-cyclone_00000160_X_major_damage,0
malawi-cyclone_00000160_X_minor_damage,0
malawi-cyclone_00000160_X_no_damage,0
malawi-cyclone_00000161_X_destroyed,0
malawi-cyclone_00000161_X_major_damage,0
malawi-cyclone_00000161_X_minor_damage,0
malawi-cyclone_00000161_X_no_damage,0
malawi-cyclone_00000162_X_destroyed,0
malawi-cyclone_00000162_X_major_damage,0
malawi-cyclone_00000162_X_minor_damage,0
malawi-cyclone_00000162_X_no_damage,0
malawi-cyclone_00000163_X_destroyed,0
malawi-cyclone_00000163_X_major_damage,0
malawi-cyclone_00000163_X_minor_damage,0
malawi-cyclone_00000163_X_no_damage,0
malawi-cyclone_00000164_X_destroyed,0
malawi-cyclone_00000164_X_major_damage,0
malawi-cyclone_00000164_X_minor_damage,0
malawi-cyclone_00000164_X_no_damage,0
malawi-cyclone_00000165_X_destroyed,0
malawi-cyclone_00000165_X_major_damage,0
malawi-cyclone_00000165_X_minor_damage,0
malawi-cyclone_00000165_X_no_damage,0
malawi-cyclone_00000166_X_destroyed,0
malawi-cyclone_00000166_X_major_damage,0
malawi-cyclone_00000166_X_minor_damage,0
malawi-cyclone_00000166_X_no_damage,0
malawi-cyclone_00000167_X_destroyed,0
malawi-cyclone_00000167_X_major_damage,0
malawi-cyclone_00000167_X_minor_damage,0
malawi-cyclone_00000167_X_no_damage,0
malawi-cyclone_00000168_X_destroyed,0
malawi-cyclone_00000168_X_major_damage,0
malawi-cyclone_00000168_X_minor_damage,0
malawi-cyclone_00000168_X_no_damage,0
malawi-cyclone_00000169_X_destroyed,0
malawi-cyclone_00000169_X_major_damage,0
malawi-cyclone_00000169_X_minor_damage,0
malawi-cyclone_00000169_X_no_damage,0
malawi-cyclone_00000170_X_destroyed,0
malawi-cyclone_00000170_X_major_damage,0
malawi-cyclone_00000170_X_minor_damage,0
malawi-cyclone_00000170_X_no_damage,0
malawi-cyclone_00000171_X_destroyed,0
malawi-cyclone_00000171_X_major_damage,0
malawi-cyclone_00000171_X_minor_damage,0
malawi-cyclone_00000171_X_no_damage,0
malawi-cyclone_00000172_X_destroyed,0
malawi-cyclone_00000172_X_major_damage,0
malawi-cyclone_00000172_X_minor_damage,0
malawi-cyclone_00000172_X_no_damage,0
malawi-cyclone_00000173_X_destroyed,0
malawi-cyclone_00000173_X_major_damage,0
malawi-cyclone_00000173_X_minor_damage,0
malawi-cyclone_00000173_X_no_damage,0
malawi-cyclone_00000174_X_destroyed,0
malawi-cyclone_00000174_X_major_damage,0
malawi-cyclone_00000174_X_minor_damage,0
malawi-cyclone_00000174_X_no_damage,0
malawi-cyclone_00000175_X_destroyed,0
malawi-cyclone_00000175_X_major_damage,0
malawi-cyclone_00000175_X_minor_damage,0
malawi-cyclone_00000175_X_no_damage,0
malawi-cyclone_00000176_X_destroyed,0
malawi-cyclone_00000176_X_major_damage,0
malawi-cyclone_00000176_X_minor_damage,0
malawi-cyclone_00000176_X_no_damage,0
malawi-cyclone_00000177_X_destroyed,0
malawi-cyclone_00000177_X_major_damage,0
malawi-cyclone_00000177_X_minor_damage,0
malawi-cyclone_00000177_X_no_damage,0
malawi-cyclone_00000178_X_destroyed,0
malawi-cyclone_00000178_X_major_damage,0
malawi-cyclone_00000178_X_minor_damage,0
malawi-cyclone_00000178_X_no_damage,0
malawi-cyclone_00000179_X_destroyed,0
malawi-cyclone_00000179_X_major_damage,0
malawi-cyclone_00000179_X_minor_damage,0
malawi-cyclone_00000179_X_no_damage,0
malawi-cyclone_00000180_X_destroyed,0
malawi-cyclone_00000180_X_major_damage,0
malawi-cyclone_00000180_X_minor_damage,0
malawi-cyclone_00000180_X_no_damage,0
malawi-cyclone_00000181_X_destroyed,0
malawi-cyclone_00000181_X_major_damage,0
malawi-cyclone_00000181_X_minor_damage,0
malawi-cyclone_00000181_X_no_damage,0
malawi-cyclone_00000182_X_destroyed,0
malawi-cyclone_00000182_X_major_damage,0
malawi-cyclone_00000182_X_minor_damage,0
malawi-cyclone_00000182_X_no_damage,0
malawi-cyclone_00000183_X_destroyed,0
malawi-cyclone_00000183_X_major_damage,0
malawi-cyclone_00000183_X_minor_damage,0
malawi-cyclone_00000183_X_no_damage,0
malawi-cyclone_00000184_X_destroyed,0
malawi-cyclone_00000184_X_major_damage,0
malawi-cyclone_00000184_X_minor_damage,0
malawi-cyclone_00000184_X_no_damage,0
malawi-cyclone_00000185_X_destroyed,0
malawi-cyclone_00000185_X_major_damage,0
malawi-cyclone_00000185_X_minor_damage,0
malawi-cyclone_00000185_X_no_damage,0
malawi-cyclone_00000186_X_destroyed,0
malawi-cyclone_00000186_X_major_damage,0
malawi-cyclone_00000186_X_minor_damage,0
malawi-cyclone_00000186_X_no_damage,0
malawi-cyclone_00000187_X_destroyed,0
malawi-cyclone_00000187_X_major_damage,0
malawi-cyclone_00000187_X_minor_damage,0
malawi-cyclone_00000187_X_no_damage,0
malawi-cyclone_00000188_X_destroyed,0
malawi-cyclone_00000188_X_major_damage,0
malawi-cyclone_00000188_X_minor_damage,0
malawi-cyclone_00000188_X_no_damage,0
malawi-cyclone_00000189_X_destroyed,0
malawi-cyclone_00000189_X_major_damage,0
malawi-cyclone_00000189_X_minor_damage,0
malawi-cyclone_00000189_X_no_damage,0
malawi-cyclone_00000190_X_destroyed,0
malawi-cyclone_00000190_X_major_damage,0
malawi-cyclone_00000190_X_minor_damage,0
malawi-cyclone_00000190_X_no_damage,0
malawi-cyclone_00000191_X_destroyed,0
malawi-cyclone_00000191_X_major_damage,0
malawi-cyclone_00000191_X_minor_damage,0
malawi-cyclone_00000191_X_no_damage,0
malawi-cyclone_00000192_X_destroyed,0
malawi-cyclone_00000192_X_major_damage,0
malawi-cyclone_00000192_X_minor_damage,0
malawi-cyclone_00000192_X_no_damage,0
malawi-cyclone_00000193_X_destroyed,0
malawi-cyclone_00000193_X_major_damage,0
malawi-cyclone_00000193_X_minor_damage,0
malawi-cyclone_00000193_X_no_damage,0
malawi-cyclone_00000194_X_destroyed,0
malawi-cyclone_00000194_X_major_damage,0
malawi-cyclone_00000194_X_minor_damage,0
malawi-cyclone_00000194_X_no_damage,0
malawi-cyclone_00000195_X_destroyed,0
malawi-cyclone_00000195_X_major_damage,0
malawi-cyclone_00000195_X_minor_damage,0
malawi-cyclone_00000195_X_no_damage,0
malawi-cyclone_00000196_X_destroyed,0
malawi-cyclone_00000196_X_major_damage,0
malawi-cyclone_00000196_X_minor_damage,0
malawi-cyclone_00000196_X_no_damage,0
malawi-cyclone_00000197_X_destroyed,0
malawi-cyclone_00000197_X_major_damage,0
malawi-cyclone_00000197_X_minor_damage,0
malawi-cyclone_00000197_X_no_damage,0
malawi-cyclone_00000198_X_destroyed,0
malawi-cyclone_00000198_X_major_damage,0
malawi-cyclone_00000198_X_minor_damage,0
malawi-cyclone_00000198_X_no_damage,0
malawi-cyclone_00000199_X_destroyed,0
malawi-cyclone_00000199_X_major_damage,0
malawi-cyclone_00000199_X_minor_damage,0
malawi-cyclone_00000199_X_no_damage,0
malawi-cyclone_00000200_X_destroyed,0
malawi-cyclone_00000200_X_major_damage,0
malawi-cyclone_00000200_X_minor_damage,0
malawi-cyclone_00000200_X_no_damage,0
malawi-cyclone_00000201_X_destroyed,0
malawi-cyclone_00000201_X_major_damage,0
malawi-cyclone_00000201_X_minor_damage,0
malawi-cyclone_00000201_X_no_damage,0
malawi-cyclone_00000202_X_destroyed,0
malawi-cyclone_00000202_X_major_damage,0
malawi-cyclone_00000202_X_minor_damage,0
malawi-cyclone_00000202_X_no_damage,0
malawi-cyclone_00000203_X_destroyed,0
malawi-cyclone_00000203_X_major_damage,0
malawi-cyclone_00000203_X_minor_damage,0
malawi-cyclone_00000203_X_no_damage,0
malawi-cyclone_00000204_X_destroyed,0
malawi-cyclone_00000204_X_major_damage,0
malawi-cyclone_00000204_X_minor_damage,0
malawi-cyclone_00000204_X_no_damage,0
malawi-cyclone_00000205_X_destroyed,0
malawi-cyclone_00000205_X_major_damage,0
malawi-cyclone_00000205_X_minor_damage,0
malawi-cyclone_00000205_X_no_damage,0
malawi-cyclone_00000206_X_destroyed,0
malawi-cyclone_00000206_X_major_damage,0
malawi-cyclone_00000206_X_minor_damage,0
malawi-cyclone_00000206_X_no_damage,0
malawi-cyclone_00000207_X_destroyed,0
malawi-cyclone_00000207_X_major_damage,0
malawi-cyclone_00000207_X_minor_damage,0
malawi-cyclone_00000207_X_no_damage,0
malawi-cyclone_00000208_X_destroyed,0
malawi-cyclone_00000208_X_major_damage,0
malawi-cyclone_00000208_X_minor_damage,0
malawi-cyclone_00000208_X_no_damage,0
malawi-cyclone_00000209_X_destroyed,0
malawi-cyclone_00000209_X_major_damage,0
malawi-cyclone_00000209_X_minor_damage,0
malawi-cyclone_00000209_X_no_damage,0
malawi-cyclone_00000210_X_destroyed,0
malawi-cyclone_00000210_X_major_damage,0
malawi-cyclone_00000210_X_minor_damage,0
malawi-cyclone_00000210_X_no_damage,0
malawi-cyclone_00000211_X_destroyed,0
malawi-cyclone_00000211_X_major_damage,0
malawi-cyclone_00000211_X_minor_damage,0
malawi-cyclone_00000211_X_no_damage,0
malawi-cyclone_00000212_X_destroyed,0
malawi-cyclone_00000212_X_major_damage,0
malawi-cyclone_00000212_X_minor_damage,0
malawi-cyclone_00000212_X_no_damage,0
malawi-cyclone_00000213_X_destroyed,0
malawi-cyclone_00000213_X_major_damage,0
malawi-cyclone_00000213_X_minor_damage,0
malawi-cyclone_00000213_X_no_damage,0
malawi-cyclone_00000214_X_destroyed,0
malawi-cyclone_00000214_X_major_damage,0
malawi-cyclone_00000214_X_minor_damage,0
malawi-cyclone_00000214_X_no_damage,0
malawi-cyclone_00000215_X_destroyed,0
malawi-cyclone_00000215_X_major_damage,0
malawi-cyclone_00000215_X_minor_damage,0
malawi-cyclone_00000215_X_no_damage,0
malawi-cyclone_00000216_X_destroyed,0
malawi-cyclone_00000216_X_major_damage,0
malawi-cyclone_00000216_X_minor_damage,0
malawi-cyclone_00000216_X_no_damage,0
malawi-cyclone_00000217_X_destroyed,0
malawi-cyclone_00000217_X_major_damage,0
malawi-cyclone_00000217_X_minor_damage,0
malawi-cyclone_00000217_X_no_damage,0
malawi-cyclone_00000218_X_destroyed,0
malawi-cyclone_00000218_X_major_damage,0
malawi-cyclone_00000218_X_minor_damage,0
malawi-cyclone_00000218_X_no_damage,0
malawi-cyclone_00000219_X_destroyed,0
malawi-cyclone_00000219_X_major_damage,0
malawi-cyclone_00000219_X_minor_damage,0
malawi-cyclone_00000219_X_no_damage,0
malawi-cyclone_00000220_X_destroyed,0
malawi-cyclone_00000220_X_major_damage,0
malawi-cyclone_00000220_X_minor_damage,0
malawi-cyclone_00000220_X_no_damage,0
malawi-cyclone_00000221_X_destroyed,0
malawi-cyclone_00000221_X_major_damage,0
malawi-cyclone_00000221_X_minor_damage,0
malawi-cyclone_00000221_X_no_damage,0
malawi-cyclone_00000222_X_destroyed,0
malawi-cyclone_00000222_X_major_damage,0
malawi-cyclone_00000222_X_minor_damage,0
malawi-cyclone_00000222_X_no_damage,0
malawi-cyclone_00000223_X_destroyed,0
malawi-cyclone_00000223_X_major_damage,0
malawi-cyclone_00000223_X_minor_damage,0
malawi-cyclone_00000223_X_no_damage,0
malawi-cyclone_00000224_X_destroyed,0
malawi-cyclone_00000224_X_major_damage,0
malawi-cyclone_00000224_X_minor_damage,0
malawi-cyclone_00000224_X_no_damage,0
malawi-cyclone_00000225_X_destroyed,0
malawi-cyclone_00000225_X_major_damage,0
malawi-cyclone_00000225_X_minor_damage,0
malawi-cyclone_00000225_X_no_damage,0
malawi-cyclone_00000226_X_destroyed,0
malawi-cyclone_00000226_X_major_damage,0
malawi-cyclone_00000226_X_minor_damage,0
malawi-cyclone_00000226_X_no_damage,0
malawi-cyclone_00000227_X_destroyed,0
malawi-cyclone_00000227_X_major_damage,0
malawi-cyclone_00000227_X_minor_damage,0
malawi-cyclone_00000227_X_no_damage,0
malawi-cyclone_00000228_X_destroyed,0
malawi-cyclone_00000228_X_major_damage,0
malawi-cyclone_00000228_X_minor_damage,0
malawi-cyclone_00000228_X_no_damage,0
malawi-cyclone_00000229_X_destroyed,0
malawi-cyclone_00000229_X_major_damage,0
malawi-cyclone_00000229_X_minor_damage,0
malawi-cyclone_00000229_X_no_damage,0
malawi-cyclone_00000230_X_destroyed,0
malawi-cyclone_00000230_X_major_damage,0
malawi-cyclone_00000230_X_minor_damage,0
malawi-cyclone_00000230_X_no_damage,0
malawi-cyclone_00000231_X_destroyed,0
malawi-cyclone_00000231_X_major_damage,0
malawi-cyclone_00000231_X_minor_damage,0
malawi-cyclone_00000231_X_no_damage,0
malawi-cyclone_00000232_X_destroyed,0
malawi-cyclone_00000232_X_major_damage,0
malawi-cyclone_00000232_X_minor_damage,0
malawi-cyclone_00000232_X_no_damage,0
malawi-cyclone_00000233_X_destroyed,0
malawi-cyclone_00000233_X_major_damage,0
malawi-cyclone_00000233_X_minor_damage,0
malawi-cyclone_00000233_X_no_damage,0
malawi-cyclone_00000234_X_destroyed,0
malawi-cyclone_00000234_X_major_damage,0
malawi-cyclone_00000234_X_minor_damage,0
malawi-cyclone_00000234_X_no_damage,0
malawi-cyclone_00000235_X_destroyed,0
malawi-cyclone_00000235_X_major_damage,0
malawi-cyclone_00000235_X_minor_damage,0
malawi-cyclone_00000235_X_no_damage,0
malawi-cyclone_00000236_X_destroyed,0
malawi-cyclone_00000236_X_major_damage,0
malawi-cyclone_00000236_X_minor_damage,0
malawi-cyclone_00000236_X_no_damage,0
malawi-cyclone_00000237_X_destroyed,0
malawi-cyclone_00000237_X_major_damage,0
malawi-cyclone_00000237_X_minor_damage,0
malawi-cyclone_00000237_X_no_damage,0
malawi-cyclone_00000238_X_destroyed,0
malawi-cyclone_00000238_X_major_damage,0
malawi-cyclone_00000238_X_minor_damage,0
malawi-cyclone_00000238_X_no_damage,0
malawi-cyclone_00000239_X_destroyed,0
malawi-cyclone_00000239_X_major_damage,0
malawi-cyclone_00000239_X_minor_damage,0
malawi-cyclone_00000239_X_no_damage,0
malawi-cyclone_00000240_X_destroyed,0
malawi-cyclone_00000240_X_major_damage,0
malawi-cyclone_00000240_X_minor_damage,0
malawi-cyclone_00000240_X_no_damage,0
malawi-cyclone_00000241_X_destroyed,0
malawi-cyclone_00000241_X_major_damage,0
malawi-cyclone_00000241_X_minor_damage,0
malawi-cyclone_00000241_X_no_damage,0
malawi-cyclone_00000242_X_destroyed,0
malawi-cyclone_00000242_X_major_damage,0
malawi-cyclone_00000242_X_minor_damage,0
malawi-cyclone_00000242_X_no_damage,0
malawi-cyclone_00000243_X_destroyed,0
malawi-cyclone_00000243_X_major_damage,0
malawi-cyclone_00000243_X_minor_damage,0
malawi-cyclone_00000243_X_no_damage,0
malawi-cyclone_00000244_X_destroyed,0
malawi-cyclone_00000244_X_major_damage,0
malawi-cyclone_00000244_X_minor_damage,0
malawi-cyclone_00000244_X_no_damage,0
malawi-cyclone_00000245_X_destroyed,0
malawi-cyclone_00000245_X_major_damage,0
malawi-cyclone_00000245_X_minor_damage,0
malawi-cyclone_00000245_X_no_damage,0
malawi-cyclone_00000246_X_destroyed,0
malawi-cyclone_00000246_X_major_damage,0
malawi-cyclone_00000246_X_minor_damage,0
malawi-cyclone_00000246_X_no_damage,0
malawi-cyclone_00000247_X_destroyed,0
malawi-cyclone_00000247_X_major_damage,0
malawi-cyclone_00000247_X_minor_damage,0
malawi-cyclone_00000247_X_no_damage,0
malawi-cyclone_00000248_X_destroyed,0
malawi-cyclone_00000248_X_major_damage,0
malawi-cyclone_00000248_X_minor_damage,0
malawi-cyclone_00000248_X_no_damage,0
malawi-cyclone_00000249_X_destroyed,0
malawi-cyclone_00000249_X_major_damage,0
malawi-cyclone_00000249_X_minor_damage,0
malawi-cyclone_00000249_X_no_damage,0
malawi-cyclone_00000250_X_destroyed,0
malawi-cyclone_00000250_X_major_damage,0
malawi-cyclone_00000250_X_minor_damage,0
malawi-cyclone_00000250_X_no_damage,0
malawi-cyclone_00000251_X_destroyed,0
malawi-cyclone_00000251_X_major_damage,0
malawi-cyclone_00000251_X_minor_damage,0
malawi-cyclone_00000251_X_no_damage,0
malawi-cyclone_00000252_X_destroyed,0
malawi-cyclone_00000252_X_major_damage,0
malawi-cyclone_00000252_X_minor_damage,0
malawi-cyclone_00000252_X_no_damage,0
malawi-cyclone_00000253_X_destroyed,0
malawi-cyclone_00000253_X_major_damage,0
malawi-cyclone_00000253_X_minor_damage,0
malawi-cyclone_00000253_X_no_damage,0
malawi-cyclone_00000254_X_destroyed,0
malawi-cyclone_00000254_X_major_damage,0
malawi-cyclone_00000254_X_minor_damage,0
malawi-cyclone_00000254_X_no_damage,0
malawi-cyclone_00000255_X_destroyed,0
malawi-cyclone_00000255_X_major_damage,0
malawi-cyclone_00000255_X_minor_damage,0
malawi-cyclone_00000255_X_no_damage,0
malawi-cyclone_00000256_X_destroyed,0
malawi-cyclone_00000256_X_major_damage,0
malawi-cyclone_00000256_X_minor_damage,0
malawi-cyclone_00000256_X_no_damage,0
malawi-cyclone_00000257_X_destroyed,0
malawi-cyclone_00000257_X_major_damage,0
malawi-cyclone_00000257_X_minor_damage,0
malawi-cyclone_00000257_X_no_damage,0
malawi-cyclone_00000258_X_destroyed,0
malawi-cyclone_00000258_X_major_damage,0
malawi-cyclone_00000258_X_minor_damage,0
malawi-cyclone_00000258_X_no_damage,0
malawi-cyclone_00000259_X_destroyed,0
malawi-cyclone_00000259_X_major_damage,0
malawi-cyclone_00000259_X_minor_damage,0
malawi-cyclone_00000259_X_no_damage,0
malawi-cyclone_00000260_X_destroyed,0
malawi-cyclone_00000260_X_major_damage,0
malawi-cyclone_00000260_X_minor_damage,0
malawi-cyclone_00000260_X_no_damage,0
malawi-cyclone_00000261_X_destroyed,0
malawi-cyclone_00000261_X_major_damage,0
malawi-cyclone_00000261_X_minor_damage,0
malawi-cyclone_00000261_X_no_damage,0
malawi-cyclone_00000262_X_destroyed,0
malawi-cyclone_00000262_X_major_damage,0
malawi-cyclone_00000262_X_minor_damage,0
malawi-cyclone_00000262_X_no_damage,0
malawi-cyclone_00000263_X_destroyed,0
malawi-cyclone_00000263_X_major_damage,0
malawi-cyclone_00000263_X_minor_damage,0
malawi-cyclone_00000263_X_no_damage,0
malawi-cyclone_00000264_X_destroyed,0
malawi-cyclone_00000264_X_major_damage,0
malawi-cyclone_00000264_X_minor_damage,0
malawi-cyclone_00000264_X_no_damage,0
malawi-cyclone_00000265_X_destroyed,0
malawi-cyclone_00000265_X_major_damage,0
malawi-cyclone_00000265_X_minor_damage,0
malawi-cyclone_00000265_X_no_damage,0
malawi-cyclone_00000266_X_destroyed,0
malawi-cyclone_00000266_X_major_damage,0
malawi-cyclone_00000266_X_minor_damage,0
malawi-cyclone_00000266_X_no_damage,0
malawi-cyclone_00000267_X_destroyed,0
malawi-cyclone_00000267_X_major_damage,0
malawi-cyclone_00000267_X_minor_damage,0
malawi-cyclone_00000267_X_no_damage,0
malawi-cyclone_00000268_X_destroyed,0
malawi-cyclone_00000268_X_major_damage,0
malawi-cyclone_00000268_X_minor_damage,0
malawi-cyclone_00000268_X_no_damage,0
malawi-cyclone_00000269_X_destroyed,0
malawi-cyclone_00000269_X_major_damage,0
malawi-cyclone_00000269_X_minor_damage,0
malawi-cyclone_00000269_X_no_damage,0
malawi-cyclone_00000270_X_destroyed,0
malawi-cyclone_00000270_X_major_damage,0
malawi-cyclone_00000270_X_minor_damage,0
malawi-cyclone_00000270_X_no_damage,0
malawi-cyclone_00000271_X_destroyed,0
malawi-cyclone_00000271_X_major_damage,0
malawi-cyclone_00000271_X_minor_damage,0
malawi-cyclone_00000271_X_no_damage,0
malawi-cyclone_00000272_X_destroyed,0
malawi-cyclone_00000272_X_major_damage,0
malawi-cyclone_00000272_X_minor_damage,0
malawi-cyclone_00000272_X_no_damage,0
malawi-cyclone_00000273_X_destroyed,0
malawi-cyclone_00000273_X_major_damage,0
malawi-cyclone_00000273_X_minor_damage,0
malawi-cyclone_00000273_X_no_damage,0
malawi-cyclone_00000274_X_destroyed,0
malawi-cyclone_00000274_X_major_damage,0
malawi-cyclone_00000274_X_minor_damage,0
malawi-cyclone_00000274_X_no_damage,0
malawi-cyclone_00000275_X_destroyed,0
malawi-cyclone_00000275_X_major_damage,0
malawi-cyclone_00000275_X_minor_damage,0
malawi-cyclone_00000275_X_no_damage,0
malawi-cyclone_00000276_X_destroyed,0
malawi-cyclone_00000276_X_major_damage,0
malawi-cyclone_00000276_X_minor_damage,0
malawi-cyclone_00000276_X_no_damage,0
malawi-cyclone_00000277_X_destroyed,0
malawi-cyclone_00000277_X_major_damage,0
malawi-cyclone_00000277_X_minor_damage,0
malawi-cyclone_00000277_X_no_damage,0
malawi-cyclone_00000278_X_destroyed,0
malawi-cyclone_00000278_X_major_damage,0
malawi-cyclone_00000278_X_minor_damage,0
malawi-cyclone_00000278_X_no_damage,0
malawi-cyclone_00000279_X_destroyed,0
malawi-cyclone_00000279_X_major_damage,0
malawi-cyclone_00000279_X_minor_damage,0
malawi-cyclone_00000279_X_no_damage,0
malawi-cyclone_00000280_X_destroyed,0
malawi-cyclone_00000280_X_major_damage,0
malawi-cyclone_00000280_X_minor_damage,0
malawi-cyclone_00000280_X_no_damage,0
malawi-cyclone_00000281_X_destroyed,0
malawi-cyclone_00000281_X_major_damage,0
malawi-cyclone_00000281_X_minor_damage,0
malawi-cyclone_00000281_X_no_damage,0
malawi-cyclone_00000282_X_destroyed,0
malawi-cyclone_00000282_X_major_damage,0
malawi-cyclone_00000282_X_minor_damage,0
malawi-cyclone_00000282_X_no_damage,0
malawi-cyclone_00000283_X_destroyed,0
malawi-cyclone_00000283_X_major_damage,0
malawi-cyclone_00000283_X_minor_damage,0
malawi-cyclone_00000283_X_no_damage,0
malawi-cyclone_00000284_X_destroyed,0
malawi-cyclone_00000284_X_major_damage,0
malawi-cyclone_00000284_X_minor_damage,0
malawi-cyclone_00000284_X_no_damage,0
malawi-cyclone_00000285_X_destroyed,0
malawi-cyclone_00000285_X_major_damage,0
malawi-cyclone_00000285_X_minor_damage,0
malawi-cyclone_00000285_X_no_damage,0
malawi-cyclone_00000286_X_destroyed,0
malawi-cyclone_00000286_X_major_damage,0
malawi-cyclone_00000286_X_minor_damage,0
malawi-cyclone_00000286_X_no_damage,0
malawi-cyclone_00000287_X_destroyed,0
malawi-cyclone_00000287_X_major_damage,0
malawi-cyclone_00000287_X_minor_damage,0
malawi-cyclone_00000287_X_no_damage,0
malawi-cyclone_00000288_X_destroyed,0
malawi-cyclone_00000288_X_major_damage,0
malawi-cyclone_00000288_X_minor_damage,0
malawi-cyclone_00000288_X_no_damage,0
malawi-cyclone_00000289_X_destroyed,0
malawi-cyclone_00000289_X_major_damage,0
malawi-cyclone_00000289_X_minor_damage,0
malawi-cyclone_00000289_X_no_damage,0
malawi-cyclone_00000290_X_destroyed,0
malawi-cyclone_00000290_X_major_damage,0
malawi-cyclone_00000290_X_minor_damage,0
malawi-cyclone_00000290_X_no_damage,0
malawi-cyclone_00000291_X_destroyed,0
malawi-cyclone_00000291_X_major_damage,0
malawi-cyclone_00000291_X_minor_damage,0
malawi-cyclone_00000291_X_no_damage,0
malawi-cyclone_00000292_X_destroyed,0
malawi-cyclone_00000292_X_major_damage,0
malawi-cyclone_00000292_X_minor_damage,0
malawi-cyclone_00000292_X_no_damage,0
malawi-cyclone_00000293_X_destroyed,0
malawi-cyclone_00000293_X_major_damage,0
malawi-cyclone_00000293_X_minor_damage,0
malawi-cyclone_00000293_X_no_damage,0
malawi-cyclone_00000294_X_destroyed,0
malawi-cyclone_00000294_X_major_damage,0
malawi-cyclone_00000294_X_minor_damage,0
malawi-cyclone_00000294_X_no_damage,0
malawi-cyclone_00000295_X_destroyed,0
malawi-cyclone_00000295_X_major_damage,0
malawi-cyclone_00000295_X_minor_damage,0
malawi-cyclone_00000295_X_no_damage,0
malawi-cyclone_00000296_X_destroyed,0
malawi-cyclone_00000296_X_major_damage,0
malawi-cyclone_00000296_X_minor_damage,0
malawi-cyclone_00000296_X_no_damage,0
malawi-cyclone_00000297_X_destroyed,0
malawi-cyclone_00000297_X_major_damage,0
malawi-cyclone_00000297_X_minor_damage,0
malawi-cyclone_00000297_X_no_damage,0
malawi-cyclone_00000298_X_destroyed,0
malawi-cyclone_00000298_X_major_damage,0
malawi-cyclone_00000298_X_minor_damage,0
malawi-cyclone_00000298_X_no_damage,0
malawi-cyclone_00000299_X_destroyed,0
malawi-cyclone_00000299_X_major_damage,0
malawi-cyclone_00000299_X_minor_damage,0
malawi-cyclone_00000299_X_no_damage,0
malawi-cyclone_00000300_X_destroyed,0
malawi-cyclone_00000300_X_major_damage,0
malawi-cyclone_00000300_X_minor_damage,0
malawi-cyclone_00000300_X_no_damage,0
malawi-cyclone_00000301_X_destroyed,0
malawi-cyclone_00000301_X_major_damage,0
malawi-cyclone_00000301_X_minor_damage,0
malawi-cyclone_00000301_X_no_damage,0
malawi-cyclone_00000302_X_destroyed,0
malawi-cyclone_00000302_X_major_damage,0
malawi-cyclone_00000302_X_minor_damage,0
malawi-cyclone_00000302_X_no_damage,0
malawi-cyclone_00000303_X_destroyed,0
malawi-cyclone_00000303_X_major_damage,0
malawi-cyclone_00000303_X_minor_damage,0
malawi-cyclone_00000303_X_no_damage,0
malawi-cyclone_00000304_X_destroyed,0
malawi-cyclone_00000304_X_major_damage,0
malawi-cyclone_00000304_X_minor_damage,0
malawi-cyclone_00000304_X_no_damage,0
malawi-cyclone_00000305_X_destroyed,0
malawi-cyclone_00000305_X_major_damage,0
malawi-cyclone_00000305_X_minor_damage,0
malawi-cyclone_00000305_X_no_damage,0
malawi-cyclone_00000306_X_destroyed,0
malawi-cyclone_00000306_X_major_damage,0
malawi-cyclone_00000306_X_minor_damage,0
malawi-cyclone_00000306_X_no_damage,0
malawi-cyclone_00000307_X_destroyed,0
malawi-cyclone_00000307_X_major_damage,0
malawi-cyclone_00000307_X_minor_damage,0
malawi-cyclone_00000307_X_no_damage,0
malawi-cyclone_00000308_X_destroyed,0
malawi-cyclone_00000308_X_major_damage,0
malawi-cyclone_00000308_X_minor_damage,0
malawi-cyclone_00000308_X_no_damage,0
malawi-cyclone_00000309_X_destroyed,0
malawi-cyclone_00000309_X_major_damage,0
malawi-cyclone_00000309_X_minor_damage,0
malawi-cyclone_00000309_X_no_damage,0
malawi-cyclone_00000310_X_destroyed,0
malawi-cyclone_00000310_X_major_damage,0
malawi-cyclone_00000310_X_minor_damage,0
malawi-cyclone_00000310_X_no_damage,0
malawi-cyclone_00000311_X_destroyed,0
malawi-cyclone_00000311_X_major_damage,0
malawi-cyclone_00000311_X_minor_damage,0
malawi-cyclone_00000311_X_no_damage,0
malawi-cyclone_00000312_X_destroyed,0
malawi-cyclone_00000312_X_major_damage,0
malawi-cyclone_00000312_X_minor_damage,0
malawi-cyclone_00000312_X_no_damage,0
malawi-cyclone_00000313_X_destroyed,0
malawi-cyclone_00000313_X_major_damage,0
malawi-cyclone_00000313_X_minor_damage,0
malawi-cyclone_00000313_X_no_damage,0
malawi-cyclone_00000314_X_destroyed,0
malawi-cyclone_00000314_X_major_damage,0
malawi-cyclone_00000314_X_minor_damage,0
malawi-cyclone_00000314_X_no_damage,0
malawi-cyclone_00000315_X_destroyed,0
malawi-cyclone_00000315_X_major_damage,0
malawi-cyclone_00000315_X_minor_damage,0
malawi-cyclone_00000315_X_no_damage,0
malawi-cyclone_00000316_X_destroyed,0
malawi-cyclone_00000316_X_major_damage,0
malawi-cyclone_00000316_X_minor_damage,0
malawi-cyclone_00000316_X_no_damage,0
malawi-cyclone_00000317_X_destroyed,0
malawi-cyclone_00000317_X_major_damage,0
malawi-cyclone_00000317_X_minor_damage,0
malawi-cyclone_00000317_X_no_damage,0
malawi-cyclone_00000318_X_destroyed,0
malawi-cyclone_00000318_X_major_damage,0
malawi-cyclone_00000318_X_minor_damage,0
malawi-cyclone_00000318_X_no_damage,0
malawi-cyclone_00000319_X_destroyed,0
malawi-cyclone_00000319_X_major_damage,0
malawi-cyclone_00000319_X_minor_damage,0
malawi-cyclone_00000319_X_no_damage,0
malawi-cyclone_00000320_X_destroyed,0
malawi-cyclone_00000320_X_major_damage,0
malawi-cyclone_00000320_X_minor_damage,0
malawi-cyclone_00000320_X_no_damage,0
malawi-cyclone_00000321_X_destroyed,0
malawi-cyclone_00000321_X_major_damage,0
malawi-cyclone_00000321_X_minor_damage,0
malawi-cyclone_00000321_X_no_damage,0
malawi-cyclone_00000322_X_destroyed,0
malawi-cyclone_00000322_X_major_damage,0
malawi-cyclone_00000322_X_minor_damage,0
malawi-cyclone_00000322_X_no_damage,0
malawi-cyclone_00000323_X_destroyed,0
malawi-cyclone_00000323_X_major_damage,0
malawi-cyclone_00000323_X_minor_damage,0
malawi-cyclone_00000323_X_no_damage,0
malawi-cyclone_00000324_X_destroyed,0
malawi-cyclone_00000324_X_major_damage,0
malawi-cyclone_00000324_X_minor_damage,0
malawi-cyclone_00000324_X_no_damage,0
malawi-cyclone_00000325_X_destroyed,0
malawi-cyclone_00000325_X_major_damage,0
malawi-cyclone_00000325_X_minor_damage,0
malawi-cyclone_00000325_X_no_damage,0
malawi-cyclone_00000326_X_destroyed,0
malawi-cyclone_00000326_X_major_damage,0
malawi-cyclone_00000326_X_minor_damage,0
malawi-cyclone_00000326_X_no_damage,0
malawi-cyclone_00000327_X_destroyed,0
malawi-cyclone_00000327_X_major_damage,0
malawi-cyclone_00000327_X_minor_damage,0
malawi-cyclone_00000327_X_no_damage,0
malawi-cyclone_00000328_X_destroyed,0
malawi-cyclone_00000328_X_major_damage,0
malawi-cyclone_00000328_X_minor_damage,0
malawi-cyclone_00000328_X_no_damage,0
malawi-cyclone_00000329_X_destroyed,0
malawi-cyclone_00000329_X_major_damage,0
malawi-cyclone_00000329_X_minor_damage,0
malawi-cyclone_00000329_X_no_damage,0
malawi-cyclone_00000330_X_destroyed,0
malawi-cyclone_00000330_X_major_damage,0
malawi-cyclone_00000330_X_minor_damage,0
malawi-cyclone_00000330_X_no_damage,0
malawi-cyclone_00000331_X_destroyed,0
malawi-cyclone_00000331_X_major_damage,0
malawi-cyclone_00000331_X_minor_damage,0
malawi-cyclone_00000331_X_no_damage,0
malawi-cyclone_00000332_X_destroyed,0
malawi-cyclone_00000332_X_major_damage,0
malawi-cyclone_00000332_X_minor_damage,0
malawi-cyclone_00000332_X_no_damage,0
malawi-cyclone_00000333_X_destroyed,0
malawi-cyclone_00000333_X_major_damage,0
malawi-cyclone_00000333_X_minor_damage,0
malawi-cyclone_00000333_X_no_damage,0
malawi-cyclone_00000334_X_destroyed,0
malawi-cyclone_00000334_X_major_damage,0
malawi-cyclone_00000334_X_minor_damage,0
malawi-cyclone_00000334_X_no_damage,0
malawi-cyclone_00000335_X_destroyed,0
malawi-cyclone_00000335_X_major_damage,0
malawi-cyclone_00000335_X_minor_damage,0
malawi-cyclone_00000335_X_no_damage,0
malawi-cyclone_00000336_X_destroyed,0
malawi-cyclone_00000336_X_major_damage,0
malawi-cyclone_00000336_X_minor_damage,0
malawi-cyclone_00000336_X_no_damage,0
malawi-cyclone_00000337_X_destroyed,0
malawi-cyclone_00000337_X_major_damage,0
malawi-cyclone_00000337_X_minor_damage,0
malawi-cyclone_00000337_X_no_damage,0
malawi-cyclone_00000338_X_destroyed,0
malawi-cyclone_00000338_X_major_damage,0
malawi-cyclone_00000338_X_minor_damage,0
malawi-cyclone_00000338_X_no_damage,0
malawi-cyclone_00000339_X_destroyed,0
malawi-cyclone_00000339_X_major_damage,0
malawi-cyclone_00000339_X_minor_damage,0
malawi-cyclone_00000339_X_no_damage,0
malawi-cyclone_00000340_X_destroyed,0
malawi-cyclone_00000340_X_major_damage,0
malawi-cyclone_00000340_X_minor_damage,0
malawi-cyclone_00000340_X_no_damage,0
malawi-cyclone_00000341_X_destroyed,0
malawi-cyclone_00000341_X_major_damage,0
malawi-cyclone_00000341_X_minor_damage,0
malawi-cyclone_00000341_X_no_damage,0
malawi-cyclone_00000342_X_destroyed,0
malawi-cyclone_00000342_X_major_damage,0
malawi-cyclone_00000342_X_minor_damage,0
malawi-cyclone_00000342_X_no_damage,0
malawi-cyclone_00000343_X_destroyed,0
malawi-cyclone_00000343_X_major_damage,0
malawi-cyclone_00000343_X_minor_damage,0
malawi-cyclone_00000343_X_no_damage,0
malawi-cyclone_00000344_X_destroyed,0
malawi-cyclone_00000344_X_major_damage,0
malawi-cyclone_00000344_X_minor_damage,0
malawi-cyclone_00000344_X_no_damage,0
malawi-cyclone_00000345_X_destroyed,0
malawi-cyclone_00000345_X_major_damage,0
malawi-cyclone_00000345_X_minor_damage,0
malawi-cyclone_00000345_X_no_damage,0
malawi-cyclone_00000346_X_destroyed,0
malawi-cyclone_00000346_X_major_damage,0
malawi-cyclone_00000346_X_minor_damage,0
malawi-cyclone_00000346_X_no_damage,0
malawi-cyclone_00000347_X_destroyed,0
malawi-cyclone_00000347_X_major_damage,0
malawi-cyclone_00000347_X_minor_damage,0
malawi-cyclone_00000347_X_no_damage,0
